Site,Longitude,Latitude,Date_Time
FZWK_0001,150.8981149,-23.09416044,28/10/2025 10:36
FZWK_0002,150.8981149,-23.09416044,28/10/2025 10:51
FZWK_0003,150.8990025,-23.09324703,28/10/2025 11:04
FZWK_0004,150.898951,-23.093319,28/10/2025 11:10
FZWK_0005,150.89964,-23.092399,28/10/2025 11:14
FZWK_0006,150.899429,-23.091997,28/10/2025 11:17
FZWK_0007,150.8896,-23.092437,28/10/2025 11:19
FZWK_0008,150.89776,-23.092564,28/10/2025 11:23
FZWK_0009,150.89735,-23.098153,28/10/2025 11:30
FZWK_0010,150.898335,-23.09159,28/10/2025 11:34
FZWK_0011,150.898612,-23.09078,28/10/2025 11:37
FZWK_0012,150.897951,-23.0909852,28/10/2025 11:40
FZWK_0013,150.896772,-23.090972,28/10/2025 11:43
FZWK_0014,150.896404,-23.0912775,28/10/2025 11:45
FZWK_0015,150.896644,-23.096031,28/10/2025 11:49
FZWK_0016,150.89762,-23.090034,28/10/2025 11:53
FZWK_0017,150.896303,-23.08992,28/10/2025 11:57
FZWK_0018,150.895358,-23.090815,28/10/2025 11:59
FZWK_0019,150.894754,-23.0901121,28/10/2025 12:03
FZWK_0020,150.894298,-23.089361,28/10/2025 12:12
FZWK_0021,150.893798,-23.089027,28/10/2025 12:19
FZWK_0022,150.895358,-23.089502,28/10/2025 12:22
FZWK_0023,150.895358,-23.089507,28/10/2025 12:25
FZWK_0024,150.894911,-23.087957,28/10/2025 12:27
FZWK_0025,150.896341,-23.089142,28/10/2025 12:32
FZWK_0026,150.896681,-23.088369,28/10/2025 12:34
FZWK_0027,150.897632,-23.089402,28/10/2025 12:38
FZWK_0028,150.89819,-23.089391,28/10/2025 12:40
FZWK_0029,150.89899,-23.088633,28/10/2025 12:43
FZWK_0030,150.900132,-23.087499,28/10/2025 12:48
FZWK_0031,150.898967,-23.089709,28/10/2025 12:53
FZWK_0032,150.899237,-23.090173,28/10/2025 12:55
FZWK_0033,150.899844,-23.090394,28/10/2025 12:58
FZWK_0034,150.900197,-23.090328,28/10/2025 13:00
FZWK_0035,150.900947,-23.090024,28/10/2025 13:03
FZWK_0036,150.900128,-23.089669,28/10/2025 13:04
FZWK_0037,150.900994,-23.088975,28/10/2025 13:07
FZWK_0038,150.900945,-23.088795,28/10/2025 13:10
FZWK_0039,150.901465,-23.089082,28/10/2025 13:13
FZWK_0040,150.901944,-23.089863,28/10/2025 13:16
FZWK_0041,150.901826,-23.090737,28/10/2025 13:19
FZWK_0042,150.901876,-23.091594,28/10/2025 13:22
FZWK_0043,150.90424,-23.087619,28/10/2025 13:32
FZWK_0044,150.907234,-23.086807,28/10/2025 13:41
FZWK_0045,150.906442,-23.0865448,28/10/2025 13:41
FZWK_0046,150.905731,-23.085701,28/10/2025 13:44
FZWK_0047,150.905021,-23.0854,28/10/2025 13:49
FZWK_0048,150.904984,-23.08232091,28/10/2025 13:52
FZWK_0050,150.904984,-23.08232091,28/10/2025 13:56
FZWK_0051,150.904897,-23.081669,28/10/2025 14:00
FZWK_0052,150.9035503,-23.08131235,28/10/2025 14:02
FZWK_0053,150.9020474,-23.08038877,28/10/2025 14:06
FZWK_0054,150.90146,-23.082112,28/10/2025 14:13
FZWK_0055,150.899769,-23.08071175,28/10/2025 14:16
FZWK_0056,150.902047,-23.080389,28/10/2025 14:23
FZWK_0057,150.8955698,-23.0814166,28/10/2025 14:25
FZWK_0058,150.8948757,-23.08383757,28/10/2025 14:29
FZWK_0059,150.892301,-23.04555,28/10/2025 14:32
FZWK_0060,150.8909561,-23.08496947,28/10/2025 14:33
FZWK_0061,150.8897835,-23.08457517,28/10/2025 14:35
FZWK_0062,150.8905611,-23.08588065,28/10/2025 14:38
FZWK_0063,150.892915,-23.0874505,28/10/2025 14:45
FZWK_0064,150.8946488,-23.08678108,28/10/2025 14:47
FZWK_0065,150.8924282,-23.08955183,28/10/2025 14:54
FZWK_0066,150.87504,-23.09986,29/10/2025 8:03
FZWK_0067,150.8754287,-23.09512081,29/10/2025 8:23
FZWK_0068,150.8770872,-23.09473486,29/10/2025 8:35
FZWK_0069,150.8750077,-23.09018134,29/10/2025 8:42
FZWK_0070,150.876978,-23.08968,29/10/2025 8:51
FZWK_0071,150.87208,-23.08908,29/10/2025 8:54
FZWK_0072,150.87807,-23.08618,29/10/2025 8:57
FZWK_0073,150.88211,-23.08947,29/10/2025 9:00
FZWK_0074,150.88158,-23.09262,29/10/2025 9:08
FZWK_0075,150.88209,-23.09398,29/10/2025 9:11
FZWK_0076,150.88299,-23.09427,29/10/2025 9:14
FZWK_0077,150.88196,-23.09645,29/10/2025 9:17
FZWK_0078,150.8834,-23.097,29/10/2025 9:18
FZWK_0079,150.88175,-23.09806,29/10/2025 9:22
FZWK_0080,150.88265,-23.09801,29/10/2025 9:25
FZWK_0081,150.88367,-23.09851,29/10/2025 9:29
FZWK_0082,150.88367,-23.09851,29/10/2025 9:31
FZWK_0083,150.88431,-23.09787,29/10/2025 9:36
FZWK_0084,150.88508,-23.09652,29/10/2025 9:40
FZWK_0085,150.885,-23.09765,29/10/2025 9:44
FZWK_0086,150.88456,-23.09665,29/10/2025 9:47
FZWK_0087,150.88452,-23.09937,29/10/2025 9:49
FZWK_0088,150.8845,-23.10081,29/10/2025 9:53
FZWK_0089,150.88879,-23.10001,29/10/2025 10:05
FZWK_0090,150.89788,-23.09745,29/10/2025 10:11
FZWK_0091,150.89979,-23.09726,29/10/2025 10:14
FZWK_0092,150.89456,-23.09583,29/10/2025 10:20
FZWK_0093,150.89254,-23.09629,29/10/2025 10:23
FZWK_0094,150.89254,-23.09629,29/10/2025 10:30
FZWK_0095,150.88593,-23.09414,29/10/2025 10:37
FZWK_0096,150.88869,-23.09149,29/10/2025 10:43
FZWK_0097,150.8842,-23.09119,29/10/2025 10:48
FZWK_0098,150.88532,-23.08837,29/10/2025 10:53
FZWK_0099,150.88378,-23.08508,29/10/2025 10:57
FZWK_0100,150.88186,-23.08348,29/10/2025 11:03
FZWK_0101,150.88656,-23.08969,29/10/2025 11:08
FZWK_0102,150.88862,-23.08819,29/10/2025 11:11
FZWK_0103,150.89086,-23.08857,29/10/2025 11:14
FZWK_0104,150.88985,-23.0871,29/10/2025 11:21
FZWK_0105,150.90139,-23.08576,29/10/2025 11:27
FZWK_0106,150.89823,-23.08624,29/10/2025 11:30
FZWK_0107,150.88682,-23.0819,29/10/2025 12:39
FZWK_0108,150.88776,-23.08737,29/10/2025 12:45
FZWK_0109,150.8873764,-23.08665173,29/10/2025 12:50
FZWK_0110,150.88721,-23.08596,29/10/2025 12:50
FZWK_0111,150.88731,-23.0848,29/10/2025 12:55
FZWK_0112,150.88827,-23.0835,29/10/2025 12:58
FZWK_0113,150.88686,-23.08365,29/10/2025 13:00
FZWK_0114,150.88694,-23.0829,29/10/2025 13:02
FZWK_0115,150.88737,-23.08258,29/10/2025 13:06
FZWK_0116,150.88756,-23.08204,29/10/2025 13:09
FZWK_0117,150.88782,-23.08141,29/10/2025 13:12
FZWK_0118,150.88811,-23.08069,29/10/2025 13:14
FZWK_0119,150.88727,-23.08039,29/10/2025 13:17
FZWK_0120,150.88703,-23.08133,29/10/2025 13:19
FZWK_0121,150.88633,-23.081,29/10/2025 13:22
FZWK_0122,150.88561,-23.08247,29/10/2025 13:26
FZWK_0123,150.88612,-23.08491,29/10/2025 13:28
FZWK_0124,150.88526,-23.08368,29/10/2025 13:31
FZWK_0125,150.88337,-23.08268,29/10/2025 13:24
FZWK_0126,150.88426,-23.08184,29/10/2025 13:39
FZWK_0127,150.88533,-23.08115,29/10/2025 13:43
FZWK_0128,150.88462,-23.08036,29/10/2025 13:45
FZWK_0129,150.88551,-23.08038,29/10/2025 13:47
FZWK_0130,150.88591,-23.07963,29/10/2025 13:54
FZWK_0131,150.88632,-23.07948,29/10/2025 13:56
FZWK_0132,150.88576,-23.07905,29/10/2025 13:58
FZWK_0133,150.88556,-23.07952,29/10/2025 14:00
FZWK_0134,150.88521,-23.07927,29/10/2025 14:01
FZWK_0135,150.88531,-23.0786,29/10/2025 14:04
FZWK_0136,150.88471,-23.0794,29/10/2025 14:07
FZWK_0140,150.88437,-23.07837,29/10/2025 14:10
FZWK_0141,150.88413,-23.07879,29/10/2025 14:26
FZWK_0142,150.88203,-23.07777,29/10/2025 14:31
FZWK_0143,150.87679,-23.04281,30/10/2025 8:50
FZWK_0144,150.87617,-23.04425,30/10/2025 8:54
FZWK_0145,150.87771,-23.04509,30/10/2025 8:58
FZWK_0146,150.87639,-23.04559,30/10/2025 9:02
FZWK_0147,150.87499,-23.04732,30/10/2025 9:05
FZWK_0148,150.87066,-23.04714,30/10/2025 9:13
FZWK_0149,150.87759,-23.04704,30/10/2025 9:19
FZWK_0150,150.87814,-23.04683,30/10/2025 9:22
FZWK_0151,150.87795,-23.04789,30/10/2025 9:27
FZWK_0152,150.87889,-23.04766,30/10/2025 9:29
FZWK_0153,150.87941,-23.04827,30/10/2025 9:33
FZWK_0154,150.87879,-23.04865,30/10/2025 9:35
FZWK_0155,150.87971,-23.04891,30/10/2025 9:38
FZWK_0156,150.87711,-23.04927,30/10/2025 9:40
FZWK_0157,150.87435,-23.05114,30/10/2025 9:48
FZWK_0158,150.87322,-23.05348,30/10/2025 9:53
FZWK_0159,150.87676,-23.05146,30/10/2025 9:56
FZWK_0160,150.87961,-23.05197,30/10/2025 10:02
FZWK_0161,150.88189,-23.04931,30/10/2025 10:06
FZWK_0162,150.88329,-23.04908,30/10/2025 10:11
FZWK_0163,150.88269,-23.0505,30/10/2025 10:15
FZWK_0164,150.88183,-23.05039,30/10/2025 10:20
FZWK_0165,150.88307,-23.05118,30/10/2025 10:25
FZWK_0166,150.88464,-23.05178,30/10/2025 10:34
FZWK_0167,150.88567,-23.05254,30/10/2025 10:37
FZWK_0168,150.88645,-23.05308,30/10/2025 10:40
FZWK_0169,150.88979,-23.05101,30/10/2025 10:46
FZWK_0170,150.89105,-23.05352,30/10/2025 10:54
FZWK_0171,150.89261,-23.05345,30/10/2025 11:02
FZWK_0172,150.88929,-23.0547,30/10/2025 11:06
FZWK_0173,150.88825,-23.0556,30/10/2025 11:12
FZWK_0174,150.88581,-23.05484,30/10/2025 11:16
FZWK_0175,150.88141,-23.05445,30/10/2025 11:18
FZWK_0176,150.88141,-23.05445,30/10/2025 11:23
FZWK_0177,150.87773,-23.05485,30/10/2025 11:25
FZWK_0178,150.86976,-23.05601,30/10/2025 11:29
FZWK_0179,150.87011,-23.05964,30/10/2025 11:33
FZWK_0180,150.8681,-23.06314,30/10/2025 11:40
FZWK_0181,150.87333,-23.06528,30/10/2025 11:44
FZWK_0182,150.87786,-23.06046,30/10/2025 11:48
FZWK_0183,150.88113,-23.05679,30/10/2025 11:54
FZWK_0184,150.88268,-23.05871,30/10/2025 12:03
FZWK_0185,150.8905,-23.05795,30/10/2025 12:28
FZWK_0186,150.89083,-23.05716,30/10/2025 12:51
FZWK_0187,150.89041,-23.05869,30/10/2025 12:55
FZWK_0188,150.89078,-23.05994,30/10/2025 12:57
FZWK_0189,150.88956,-23.05948,30/10/2025 13:02
FZWK_0190,150.8897,-23.05872,30/10/2025 13:10
FZWK_0191,150.89003,-23.05711,30/10/2025 13:13
FZWK_0192,150.88939,-23.05586,30/10/2025 13:16
FZWK_0193,150.88881,-23.05763,30/10/2025 13:19
FZWK_0194,150.88829,-23.05885,30/10/2025 13:22
FZWK_0195,150.88801,-23.05711,30/10/2025 13:25
FZWK_0196,150.88799,-23.05608,30/10/2025 13:27
FZWK_0197,150.8866,-23.05627,30/10/2025 13:32
FZWK_0198,150.88729,-23.05846,30/10/2025 13:35
FZWK_0199,150.88664,-23.06017,30/10/2025 13:40
FZWK_0200,150.88884,-23.06023,30/10/2025 13:43
FZWK_0201,150.88802,-23.06129,30/10/2025 13:48
FZWK_0202,150.88726,-23.0628,30/10/2025 13:56
FZWK_0203,150.88989,-23.06224,30/10/2025 14:01
FZWK_0204,150.89032,-23.06339,30/10/2025 14:04
FZWK_0205,150.88941,-23.0649,30/10/2025 14:08
FZWK_0206,150.88825,-23.06371,30/10/2025 14:33
FZWK_0207,150.88901,-23.06312,30/10/2025 14:37
FZWK_0208,150.88948,-23.06129,30/10/2025 14:41
FZWK_0209,150.8846,-23.06138,30/10/2025 14:44
FZWK_0210,150.8793,-23.06446,30/10/2025 14:47
FZWK_0211,150.86684,-23.06846,30/10/2025 15:00
FZWK_0212,150.87991,-23.07959,31/10/2025 8:05
FZWK_0213,150.88296,-23.07605,31/10/2025 8:12
FZWK_0214,150.88409,-23.07273,31/10/2025 8:17
FZWK_0215,150.8835,-23.06925,31/10/2025 8:21
FZWK_0216,150.88527,-23.06736,31/10/2025 8:34
FZWK_0217,150.8835,-23.06598,31/10/2025 8:37
FZWK_0218,150.88543,-23.06567,31/10/2025 8:40
FZWK_0219,150.88681,-23.06631,31/10/2025 8:45
FZWK_0220,150.88791,-23.06569,31/10/2025 8:49
FZWK_0221,150.88689,-23.06527,31/10/2025 8:51
FZWK_0222,150.88748,-23.06759,31/10/2025 8:54
FZWK_0223,150.88852,-23.06692,31/10/2025 8:59
FZWK_0224,150.88907,-23.06574,31/10/2025 9:02
FZWK_0225,150.88648,-23.06425,31/10/2025 9:04
FZWK_0226,150.88504,-23.06338,31/10/2025 9:12
FZWK_0227,150.8843,-23.06304,31/10/2025 9:14
FZWK_0228,150.88259,-23.06112,31/10/2025 9:20
FZWK_0229,150.8805,-23.06358,31/10/2025 9:24
FZWK_0230,150.88234,-23.06432,31/10/2025 9:27
FZWK_0231,150.88159,-23.06663,31/10/2025 9:32
FZWK_0232,150.8822,-23.07284,31/10/2025 9:35
FZWK_0233,150.88103,-23.06969,31/10/2025 9:44
FZWK_0234,150.8776,-23.06682,31/10/2025 9:48
FZWK_0235,150.87595,-23.06925,31/10/2025 9:54
FZWK_0236,150.87973,-23.07207,31/10/2025 9:59
FZWK_0237,150.87814,-23.07304,31/10/2025 10:03
FZWK_0238,150.87793,-23.0756,31/10/2025 10:06
FZWK_0239,150.87701,-23.0795,31/10/2025 10:10
FZWK_0240,150.88228,-23.08048,31/10/2025 10:15
FZWK_0241,150.87928,-23.08275,31/10/2025 10:22
FZWK_0242,150.87137,-23.07291,31/10/2025 10:31
FZWK_0243,150.86789,-23.07448,31/10/2025 10:33
FZWK_0244,150.86806,-23.07751,31/10/2025 10:37
FZWK_0245,150.87178,-23.07606,31/10/2025 10:40
FZWK_0246,150.87206,-23.08082,31/10/2025 10:46
FZWK_0247,150.86704,-23.08571,31/10/2025 10:49
FZWK_0248,150.87448,-23.058,31/10/2025 11:02
FZWK_0249,150.89216,-23.09439,31/10/2025 11:14
FZWK_0250,150.89665,-23.08737,31/10/2025 11:25
FZWK_1001,150.889799,-23.06246501,24/06/2025 13:06
FZWK_1002,150.890039,-23.06246904,24/06/2025 13:14
FZWK_1003,150.890311,-23.06264204,24/06/2025 13:17
FZWK_1004,150.890701,-23.06247298,24/06/2025 13:21
FZWK_1005,150.890932,-23.062031,24/06/2025 13:24
FZWK_1006,150.890766,-23.06179899,24/06/2025 13:25
FZWK_1007,150.890631,-23.06165599,24/06/2025 13:28
FZWK_1008,150.890593,-23.06155901,24/06/2025 13:30
FZWK_1009,150.890433,-23.06132298,24/06/2025 13:31
FZWK_1010,150.890156,-23.06127101,24/06/2025 13:35
FZWK_1011,150.889904,-23.061428,24/06/2025 13:37
FZWK_1012,150.889663,-23.06160101,24/06/2025 13:39
FZWK_2001,150.889665,-23.06203997,24/06/2025 13:05
FZWK_2002,150.88981,-23.06163998,24/06/2025 13:14
FZWK_2003,150.89025,-23.06164904,24/06/2025 13:26
FZWK_2004,150.890231,-23.061974,24/06/2025 13:33
FZWK_2005,150.889564,-23.06235999,24/06/2025 13:36
FZWK_2006,150.889559,-23.06236602,24/06/2025 13:44
