Date_Time,tide_m
2024-10-01 00:00:00,-0.2815412282260853
2024-10-01 00:10:00,-0.41040278813043146
2024-10-01 00:20:00,-0.5362135404670592
2024-10-01 00:30:00,-0.6583996849764652
2024-10-01 00:40:00,-0.776398317254821
2024-10-01 00:50:00,-0.8896476820345499
2024-10-01 01:00:00,-0.9975789444632487
2024-10-01 01:10:00,-1.0996101520323627
2024-10-01 01:20:00,-1.1951430289355998
2024-10-01 01:30:00,-1.2835629961600716
2024-10-01 01:40:00,-1.3642426146392772
2024-10-01 01:50:00,-1.436548483053107
2024-10-01 02:00:00,-1.4998513210307487
2024-10-01 02:10:00,-1.553538852989594
2024-10-01 02:20:00,-1.597030847996102
2024-10-01 02:30:00,-1.629795601621696
2024-10-01 02:40:00,-1.651366987438792
2024-10-01 02:50:00,-1.6613612096515644
2024-10-01 03:00:00,-1.6594923629851164
2024-10-01 03:10:00,-1.6455859811459412
2024-10-01 03:20:00,-1.6195898615249056
2024-10-01 03:30:00,-1.5815816046548035
2024-10-01 03:40:00,-1.5317724792674148
2024-10-01 03:50:00,-1.4705074467938417
2024-10-01 04:00:00,-1.3982613538240571
2024-10-01 04:10:00,-1.3156315497337583
2024-10-01 04:20:00,-1.223327324180301
2024-10-01 04:30:00,-1.1221567427366836
2024-10-01 04:40:00,-1.0130115894509129
2024-10-01 04:50:00,-0.8968511350639775
2024-10-01 05:00:00,-0.7746855654383832
2024-10-01 05:10:00,-0.647559766243915
2024-10-01 05:20:00,-0.516538204906525
2024-10-01 05:30:00,-0.3826914084279331
2024-10-01 05:40:00,-0.2470845173866302
2024-10-01 05:50:00,-0.11076810682394879
2024-10-01 06:00:00,0.025228641241086695
2024-10-01 06:10:00,0.15990250542531154
2024-10-01 06:20:00,0.2922788690734606
2024-10-01 06:30:00,0.42141278866153675
2024-10-01 06:40:00,0.5463890803624518
2024-10-01 06:50:00,0.6663219378235865
2024-10-01 07:00:00,0.7803547499272759
2024-10-01 07:10:00,0.887660622371969
2024-10-01 07:20:00,0.9874441478770452
2024-10-01 07:30:00,1.0789447802723797
2024-10-01 07:40:00,1.161442030137251
2024-10-01 07:50:00,1.2342625853688598
2024-10-01 08:00:00,1.2967891966674205
2024-10-01 08:10:00,1.3484710844817807
2024-10-01 08:20:00,1.3888353822985244
2024-10-01 08:30:00,1.4174990709758222
2024-10-01 08:40:00,1.4341807024111426
2024-10-01 08:50:00,1.438711206383448
2024-10-01 09:00:00,1.4310430388128115
2024-10-01 09:10:00,1.4112569918009048
2024-10-01 09:20:00,1.3795660737912814
2024-10-01 09:30:00,1.336316011129098
2024-10-01 09:40:00,1.2819820784088083
2024-10-01 09:50:00,1.217162187827456
2024-10-01 10:00:00,1.142566335760497
2024-10-01 10:10:00,1.0590027615767517
2024-10-01 10:20:00,0.9673613149015999
2024-10-01 10:30:00,0.8685947240686728
2024-10-01 10:40:00,0.7636985988472116
2024-10-01 10:50:00,0.6536910223277872
2024-10-01 11:00:00,0.5395927081914803
2024-10-01 11:10:00,0.42240856705074153
2024-10-01 11:20:00,0.30311156046822796
2024-10-01 11:30:00,0.18262947263017063
2024-10-01 11:40:00,0.06183517970416989
2024-10-01 11:50:00,-0.05845931687021559
2024-10-01 12:00:00,-0.17750498090444344
2024-10-01 12:10:00,-0.29461407299395703
2024-10-01 12:20:00,-0.40915513252802144
2024-10-01 12:30:00,-0.5205451084822124
2024-10-01 12:40:00,-0.6282394280101492
2024-10-01 12:50:00,-0.7317207904417568
2024-10-01 13:00:00,-0.8304876652711061
2024-10-01 13:10:00,-0.9240433713508904
2024-10-01 13:20:00,-1.0118866715033348
2024-10-01 13:30:00,-1.0935046545100435
2024-10-01 13:40:00,-1.1683685363764036
2024-10-01 13:50:00,-1.2359328732831145
2024-10-01 14:00:00,-1.2956383865995118
2024-10-01 14:10:00,-1.3469184518167634
2024-10-01 14:20:00,-1.389208996012282
2024-10-01 14:30:00,-1.421961398314454
2024-10-01 14:40:00,-1.4446577376776057
2024-10-01 14:50:00,-1.456827626466416
2024-10-01 15:00:00,-1.4580657310648415
2024-10-01 15:10:00,-1.4480490421626038
2024-10-01 15:20:00,-1.426552961692421
2024-10-01 15:30:00,-1.3934653319925727
2024-10-01 15:40:00,-1.3487976393836019
2024-10-01 15:50:00,-1.2926927978305363
2024-10-01 16:00:00,-1.2254290798367955
2024-10-01 16:10:00,-1.1474200148288636
2024-10-01 16:20:00,-1.0592102539217847
2024-10-01 16:30:00,-0.9614676416111645
2024-10-01 16:40:00,-0.8549719466645938
2024-10-01 16:50:00,-0.7406008127375561
2024-10-01 17:00:00,-0.6193137063456361
2024-10-01 17:10:00,-0.4921346104726883
2024-10-01 17:20:00,-0.36013435615103995
2024-10-01 17:30:00,-0.224413332581746
2024-10-01 17:40:00,-0.08608536975345622
2024-10-01 17:50:00,0.05373665192573077
2024-10-01 18:00:00,0.19395299174441066
2024-10-01 18:10:00,0.3334867413414262
2024-10-01 18:20:00,0.4712909980012733
2024-10-01 18:30:00,0.6063535557156673
2024-10-01 18:40:00,0.7376994739207393
2024-10-01 18:50:00,0.864391885725888
2024-10-01 19:00:00,0.9855316664297864
2024-10-01 19:10:00,1.1002565122158796
2024-10-01 19:20:00,1.207740122810893
2024-10-01 19:30:00,1.3071920747881203
2024-10-01 19:40:00,1.3978589046335914
2024-10-01 19:50:00,1.4790268603331924
2024-10-01 20:00:00,1.5500265342500388
2024-10-01 20:10:00,1.6102395139448917
2024-10-01 20:20:00,1.659106909343824
2024-10-01 20:30:00,1.6961395113187605
2024-10-01 20:40:00,1.7209290979447298
2024-10-01 20:50:00,1.7331603180398851
2024-10-01 21:00:00,1.7326224401979067
2024-10-01 21:10:00,1.7192202131137797
2024-10-01 21:20:00,1.6929830731964495
2024-10-01 21:30:00,1.654071979407822
2024-10-01 21:40:00,1.602783241810321
2024-10-01 21:50:00,1.5395488717137915
2024-10-01 22:00:00,1.4649331239226189
2024-10-01 22:10:00,1.3796251518580753
2024-10-01 22:20:00,1.2844278648805902
2024-10-01 22:30:00,1.180243323599488
2024-10-01 22:40:00,1.0680552266622483
2024-10-01 22:50:00,0.948909155615075
2024-10-01 23:00:00,0.8238914786924882
2024-10-01 23:10:00,0.6941077895008367
2024-10-01 23:20:00,0.5606619141624561
2024-10-01 23:30:00,0.42463636780904906
2024-10-01 23:40:00,0.28707519488999483
2024-10-01 23:50:00,0.1489698736988223
2024-10-02 00:00:00,0.011248864875623796
2024-10-02 00:10:00,-0.12522882613592481
2024-10-02 00:20:00,-0.259676017786864
2024-10-02 00:30:00,-0.39137570942358973
2024-10-02 00:40:00,-0.5196758618077165
2024-10-02 00:50:00,-0.6439811039118531
2024-10-02 01:00:00,-0.7637421886815108
2024-10-02 01:10:00,-0.8784440149504386
2024-10-02 01:20:00,-0.9875932306305284
2024-10-02 01:30:00,-1.0907063748436985
2024-10-02 01:40:00,-1.1872994821138894
2024-10-02 01:50:00,-1.2768800326773666
2024-10-02 02:00:00,-1.3589418853622204
2024-10-02 02:10:00,-1.4329637407195333
2024-10-02 02:20:00,-1.498411359133068
2024-10-02 02:30:00,-1.5547436097226446
2024-10-02 02:40:00,-1.6014221008950749
2024-10-02 02:50:00,-1.6379239826661098
2024-10-02 03:00:00,-1.6637572634235702
2024-10-02 03:10:00,-1.6784778335139194
2024-10-02 03:20:00,-1.68170728819903
2024-10-02 03:30:00,-1.673150559443081
2024-10-02 03:40:00,-1.6526123872365603
2024-10-02 03:50:00,-1.620011711275873
2024-10-02 04:00:00,-1.5753931746983656
2024-10-02 04:10:00,-1.5189351071220583
2024-10-02 04:20:00,-1.450953531551762
2024-10-02 04:30:00,-1.3719019718367353
2024-10-02 04:40:00,-1.2823670844948558
2024-10-02 04:50:00,-1.1830603176379275
2024-10-02 05:00:00,-1.0748060812787497
2024-10-02 05:10:00,-0.9585270010130954
2024-10-02 05:20:00,-0.8352270629139329
2024-10-02 05:30:00,-0.705973432166229
2024-10-02 05:40:00,-0.5718778765462075
2024-10-02 05:50:00,-0.4340785923230468
2024-10-02 06:00:00,-0.2937232218617445
2024-10-02 06:10:00,-0.15195373540052576
2024-10-02 06:20:00,-0.009893604999234525
2024-10-02 06:30:00,0.13136235716342531
2024-10-02 06:40:00,0.2707554724093336
2024-10-02 06:50:00,0.40726800618803194
2024-10-02 07:00:00,0.5399256774326002
2024-10-02 07:10:00,0.6677982401864115
2024-10-02 07:20:00,0.7899987633891953
2024-10-02 07:30:00,0.9056822284648965
2024-10-02 07:40:00,1.014044097190072
2024-10-02 07:50:00,1.1143195446371188
2024-10-02 08:00:00,1.2057838678963475
2024-10-02 08:10:00,1.2877545787487847
2024-10-02 08:20:00,1.3595954213030932
2024-10-02 08:30:00,1.420722476884732
2024-10-02 08:40:00,1.470612233139233
2024-10-02 08:50:00,1.5088113779489107
2024-10-02 09:00:00,1.5349478511355947
2024-10-02 09:10:00,1.5487425515171713
2024-10-02 09:20:00,1.5500209990104865
2024-10-02 09:30:00,1.5387241609572089
2024-10-02 09:40:00,1.5149176590435582
2024-10-02 09:50:00,1.4787986065987322
2024-10-02 10:00:00,1.4306994147672685
2024-10-02 10:10:00,1.3710880653715465
2024-10-02 10:20:00,1.3005645060317117
2024-10-02 10:30:00,1.2198530450989837
2024-10-02 10:40:00,1.1297908635985008
2024-10-02 10:50:00,1.0313129376376118
2024-10-02 11:00:00,0.9254339513550008
2024-10-02 11:10:00,0.8132278749538988
2024-10-02 11:20:00,0.6958061277894176
2024-10-02 11:30:00,0.5742952336715132
2024-10-02 11:40:00,0.44981502914900845
2024-10-02 11:50:00,0.3234583605870067
2024-10-02 12:00:00,0.1962731932953195
2024-10-02 12:10:00,0.0692479264638773
2024-10-02 12:20:00,-0.05669954862493035
2024-10-02 12:30:00,-0.180728607765752
2024-10-02 12:40:00,-0.30207840527537627
2024-10-02 12:50:00,-0.42006618714593535
2024-10-02 13:00:00,-0.5340818318764926
2024-10-02 13:10:00,-0.6435791373889499
2024-10-02 13:20:00,-0.7480646726420344
2024-10-02 13:30:00,-0.8470850803652828
2024-10-02 13:40:00,-0.9402138078949158
2024-10-02 13:50:00,-1.0270383248676571
2024-10-02 14:00:00,-1.107148754829035
2024-10-02 14:10:00,-1.1801288502032967
2024-10-02 14:20:00,-1.2455499916287849
2024-10-02 14:30:00,-1.3029687849435287
2024-10-02 14:40:00,-1.3519285187888122
2024-10-02 14:50:00,-1.3919645660646665
2024-10-02 15:00:00,-1.4226135176638246
2024-10-02 15:10:00,-1.4434256099119727
2024-10-02 15:20:00,-1.4539798129285961
2024-10-02 15:30:00,-1.453900746271933
2024-10-02 15:40:00,-1.4428764929328493
2024-10-02 15:50:00,-1.4206763021602458
2024-10-02 16:00:00,-1.387167173660114
2024-10-02 16:10:00,-1.342328378429691
2024-10-02 16:20:00,-1.2862630742970145
2024-10-02 16:30:00,-1.219206342349625
2024-10-02 16:40:00,-1.141529187109891
2024-10-02 16:50:00,-1.0537382297736206
2024-10-02 17:00:00,-0.9564711243696405
2024-10-02 17:10:00,-0.8504878847159288
2024-10-02 17:20:00,-0.7366586149230985
2024-10-02 17:30:00,-0.6159482226219684
2024-10-02 17:40:00,-0.48939894275444523
2024-10-02 17:50:00,-0.3581114915754513
2024-10-02 18:00:00,-0.22322576850725154
2024-10-02 18:10:00,-0.08590201013437965
2024-10-02 18:20:00,0.05269685567071593
2024-10-02 18:30:00,0.19142090546798937
2024-10-02 18:40:00,0.32914652297755753
2024-10-02 18:50:00,0.4647869105926107
2024-10-02 19:00:00,0.5972997655488393
2024-10-02 19:10:00,0.7256921387656509
2024-10-02 19:20:00,0.8490228164149678
2024-10-02 19:30:00,0.9664026496887348
2024-10-02 19:40:00,1.0769933931207867
2024-10-02 19:50:00,1.1800057640815476
2024-10-02 20:00:00,1.2746973576609908
2024-10-02 20:10:00,1.3603711487097179
2024-10-02 20:20:00,1.436375126166441
2024-10-02 20:30:00,1.5021035904844962
2024-10-02 20:40:00,1.5570003925109746
2024-10-02 20:50:00,1.6005642875909076
2024-10-02 21:00:00,1.632356328626649
2024-10-02 21:10:00,1.6520090380973835
2024-10-02 21:20:00,1.659236932592508
2024-10-02 21:30:00,1.6538477856057594
2024-10-02 21:40:00,1.6357539219542423
2024-10-02 21:50:00,1.6049827517753135
2024-10-02 22:00:00,1.5616857350374018
2024-10-02 22:10:00,1.5061450167753083
2024-10-02 22:20:00,1.4387770472779065
2024-10-02 22:30:00,1.3601326518607222
2024-10-02 22:40:00,1.270893213181718
2024-10-02 22:50:00,1.1718627930958634
2024-10-02 23:00:00,1.0639563221717636
2024-10-02 23:10:00,0.9481841267879569
2024-10-02 23:20:00,0.8256333818049794
2024-10-02 23:30:00,0.6974471574671639
2024-10-02 23:40:00,0.5648019974553536
2024-10-02 23:50:00,0.42888495786239406
2024-10-03 00:00:00,0.29087114944653863
2024-10-03 00:10:00,0.1519028157138998
2024-10-03 00:20:00,0.013070820731593609
2024-10-03 00:30:00,-0.12460058313124192
2024-10-03 00:40:00,-0.26016516438755133
2024-10-03 00:50:00,-0.3927618273397636
2024-10-03 01:00:00,-0.5216173534328088
2024-10-03 01:10:00,-0.6460448011688209
2024-10-03 01:20:00,-0.7654379726150496
2024-10-03 01:30:00,-0.8792625026474695
2024-10-03 01:40:00,-0.9870443266076105
2024-10-03 01:50:00,-1.0883564951904203
2024-10-03 02:00:00,-1.1828052888540883
2024-10-03 02:10:00,-1.270016729282792
2024-10-03 02:20:00,-1.349624438819536
2024-10-03 02:30:00,-1.42125980730081
2024-10-03 02:40:00,-1.4845451777971446
2024-10-03 02:50:00,-1.5390906460310454
2024-10-03 03:00:00,-1.5844947837660963
2024-10-03 03:10:00,-1.6203493559969615
2024-10-03 03:20:00,-1.6462478716171896
2024-10-03 03:30:00,-1.661797519867454
2024-10-03 03:40:00,-1.6666338688691413
2024-10-03 03:50:00,-1.6604374917720484
2024-10-03 04:00:00,-1.6429515803368615
2024-10-03 04:10:00,-1.6139995250401702
2024-10-03 04:20:00,-1.5735014369014004
2024-10-03 04:30:00,-1.5214886362067748
2024-10-03 04:40:00,-1.4581152611203507
2024-10-03 04:50:00,-1.383666280310564
2024-10-03 05:00:00,-1.2985614448747742
2024-10-03 05:10:00,-1.203354883518289
2024-10-03 05:20:00,-1.098730361277778
2024-10-03 05:30:00,-0.9854923769596623
2024-10-03 05:40:00,-0.8645535907616297
2024-10-03 05:50:00,-0.7369191750127666
2024-10-03 06:00:00,-0.6036688846063198
2024-10-03 06:10:00,-0.46593775104109886
2024-10-03 06:20:00,-0.3248962648655735
2024-10-03 06:30:00,-0.18173101776237016
2024-10-03 06:40:00,-0.03762655959582315
2024-10-03 06:50:00,0.10625074933955843
2024-10-03 07:00:00,0.24876642682901995
2024-10-03 07:10:00,0.3888286770982018
2024-10-03 07:20:00,0.5253962431251515
2024-10-03 07:30:00,0.6574833531910814
2024-10-03 07:40:00,0.7841620142270498
2024-10-03 07:50:00,0.9045621553733796
2024-10-03 08:00:00,1.0178701366757033
2024-10-03 08:10:00,1.1233263626051984
2024-10-03 08:20:00,1.2202226456097227
2024-10-03 08:30:00,1.3079000722673737
2024-10-03 08:40:00,1.3857479395127061
2024-10-03 08:50:00,1.4532043091995965
2024-10-03 09:00:00,1.509758509040938
2024-10-03 09:10:00,1.554955736421201
2024-10-03 09:20:00,1.5884037535586888
2024-10-03 09:30:00,1.6097814074571621
2024-10-03 09:40:00,1.6188485724033048
2024-10-03 09:50:00,1.6154569088946684
2024-10-03 10:00:00,1.5995607382563692
2024-10-03 10:10:00,1.5712272390487647
2024-10-03 10:20:00,1.5306451561108712
2024-10-03 10:30:00,1.4781312395217214
2024-10-03 10:40:00,1.4141337358322088
2024-10-03 10:50:00,1.339232360038717
2024-10-03 11:00:00,1.254134405884445
2024-10-03 11:10:00,1.159666802067998
2024-10-03 11:20:00,1.0567642254599596
2024-10-03 11:30:00,0.946453530070385
2024-10-03 11:40:00,0.8298350653916925
2024-10-03 11:50:00,0.7080615633700073
2024-10-03 12:00:00,0.582315484759738
2024-10-03 12:10:00,0.45378583001176587
2024-10-03 12:20:00,0.323645394134958
2024-10-03 12:30:00,0.19302955034142089
2024-10-03 12:40:00,0.06301744086716088
2024-10-03 12:50:00,-0.06538353927181259
2024-10-03 13:00:00,-0.19124939899383273
2024-10-03 13:10:00,-0.3137468646214341
2024-10-03 13:20:00,-0.43213623352164576
2024-10-03 13:30:00,-0.5457698314881058
2024-10-03 13:40:00,-0.6540863942847167
2024-10-03 13:50:00,-0.7566019930183249
2024-10-03 14:00:00,-0.852898214486253
2024-10-03 14:10:00,-0.9426085758015095
2024-10-03 14:20:00,-1.0254041353221859
2024-10-03 14:30:00,-1.1009794021569084
2024-10-03 14:40:00,-1.1690395174242516
2024-10-03 14:50:00,-1.2292896714968204
2024-10-03 15:00:00,-1.2814275183789614
2024-10-03 15:10:00,-1.3251391617778543
2024-10-03 15:20:00,-1.3600990855467388
2024-10-03 15:30:00,-1.385974098882628
2024-10-03 15:40:00,-1.4024311586041385
2024-10-03 15:50:00,-1.4091486414169696
2024-10-03 16:00:00,-1.4058304496231002
2024-10-03 16:10:00,-1.392222128558967
2024-10-03 16:20:00,-1.3681280564288691
2024-10-03 16:30:00,-1.3334286818930787
2024-10-03 16:40:00,-1.2880967865979744
2024-10-03 16:50:00,-1.232211778832918
2024-10-03 17:00:00,-1.1659711657270186
2024-10-03 17:10:00,-1.0896984695091625
2024-10-03 17:20:00,-1.0038471096248531
2024-10-03 17:30:00,-0.908999937579836
2024-10-03 17:40:00,-0.8058644295951605
2024-10-03 17:50:00,-0.6952637122512589
2024-10-03 18:00:00,-0.5781238657666645
2024-10-03 18:10:00,-0.4554581556537235
2024-10-03 18:20:00,-0.3283489256359911
2024-10-03 18:30:00,-0.19792809535919126
2024-10-03 18:40:00,-0.06535712492153484
2024-10-03 18:50:00,0.06819257270471046
2024-10-03 19:00:00,0.20155799788059273
2024-10-03 19:10:00,0.33360091886892607
2024-10-03 19:20:00,0.4632217123859614
2024-10-03 19:30:00,0.5893703026312397
2024-10-03 19:40:00,0.7110540244221393
2024-10-03 19:50:00,0.8273425239626432
2024-10-03 20:00:00,0.9373698945942207
2024-10-03 20:10:00,1.0403345518113845
2024-10-03 20:20:00,1.1354973647087185
2024-10-03 20:30:00,1.222178775999089
2024-10-03 20:40:00,1.2997555724527987
2024-10-03 20:50:00,1.3676580509411542
2024-10-03 21:00:00,1.4253681981239297
2024-10-03 21:10:00,1.4724193999982247
2024-10-03 21:20:00,1.508398076569634
2024-10-03 21:30:00,1.5329473989640139
2024-10-03 21:40:00,1.5457731007397602
2024-10-03 21:50:00,1.5466511489401502
2024-10-03 22:00:00,1.535436882270475
2024-10-03 22:10:00,1.5120750386673936
2024-10-03 22:20:00,1.4766099781304594
2024-10-03 22:30:00,1.429195316775427
2024-10-03 22:40:00,1.3701021767486066
2024-10-03 22:50:00,1.299725255734029
2024-10-03 23:00:00,1.218586047097761
2024-10-03 23:10:00,1.1273326194236677
2024-10-03 23:20:00,1.0267356104609229
2024-10-03 23:30:00,0.9176802189887411
2024-10-03 23:40:00,0.8011542958599635
2024-10-03 23:50:00,0.6782327817635468
2024-10-04 00:00:00,0.5500590141484903
2024-10-04 00:10:00,0.4178236322471854
2024-10-04 00:20:00,0.2827418910194337
2024-10-04 00:30:00,0.14603042400698066
2024-10-04 00:40:00,0.008884411514220647
2024-10-04 00:50:00,-0.1275437547360144
2024-10-04 01:00:00,-0.26216343276796483
2024-10-04 01:10:00,-0.3939614220815543
2024-10-04 01:20:00,-0.5220137956857595
2024-10-04 01:30:00,-0.6454934177283657
2024-10-04 01:40:00,-0.7636729391956972
2024-10-04 01:50:00,-0.8759233931441727
2024-10-04 02:00:00,-0.981708647442286
2024-10-04 02:10:00,-1.080576333515861
2024-10-04 02:20:00,-1.1721459472143385
2024-10-04 02:30:00,-1.2560950890377052
2024-10-04 02:40:00,-1.332144802529191
2024-10-04 02:50:00,-1.400045099715079
2024-10-04 03:00:00,-1.4595616775628242
2024-10-04 03:10:00,-1.5104647520193852
2024-10-04 03:20:00,-1.552520825154049
2024-10-04 03:30:00,-1.5854879518311156
2024-10-04 03:40:00,-1.6091149011394315
2024-10-04 03:50:00,-1.6231443074078473
2024-10-04 04:00:00,-1.6273196888140062
2024-10-04 04:10:00,-1.621395933662607
2024-10-04 04:20:00,-1.6051526529542641
2024-10-04 04:30:00,-1.578409597919724
2024-10-04 04:40:00,-1.5410432193192778
2024-10-04 04:50:00,-1.493003350499416
2024-10-04 05:00:00,-1.4343290043915902
2024-10-04 05:10:00,-1.365162286110905
2024-10-04 05:20:00,-1.2857595736246132
2024-10-04 05:30:00,-1.1964992187608692
2024-10-04 05:40:00,-1.0978852861576704
2024-10-04 05:50:00,-0.9905470097156069
2024-10-04 06:00:00,-0.8752339280514507
2024-10-04 06:10:00,-0.7528069143952262
2024-10-04 06:20:00,-0.6242254728476531
2024-10-04 06:30:00,-0.49053197684505057
2024-10-04 06:40:00,-0.3528335549854913
2024-10-04 06:50:00,-0.21228256771928977
2024-10-04 07:00:00,-0.07005652707589216
2024-10-04 07:10:00,0.07266155636253996
2024-10-04 07:20:00,0.2147016101768465
2024-10-04 07:30:00,0.35492296794793915
2024-10-04 07:40:00,0.4922282746485953
2024-10-04 07:50:00,0.6255745105574353
2024-10-04 08:00:00,0.7539808924996149
2024-10-04 08:10:00,0.876533769836067
2024-10-04 08:20:00,0.9923886909741225
2024-10-04 08:30:00,1.100770134450745
2024-10-04 08:40:00,1.2009694089232534
2024-10-04 08:50:00,1.2923414386745278
2024-10-04 09:00:00,1.3743011241689354
2024-10-04 09:10:00,1.446319970686785
2024-10-04 09:20:00,1.507923664982386
2024-10-04 09:30:00,1.5586910935457379
2024-10-04 09:40:00,1.598255226844442
2024-10-04 09:50:00,1.626306043125116
2024-10-04 10:00:00,1.642595528406141
2024-10-04 10:10:00,1.6469445407871448
2024-10-04 10:20:00,1.639251173616286
2024-10-04 10:30:00,1.6195000616155484
2024-10-04 10:40:00,1.5877719603385647
2024-10-04 10:50:00,1.5442528322251068
2024-10-04 11:00:00,1.4892416582919084
2024-10-04 11:10:00,1.4231561899358913
2024-10-04 11:20:00,1.3465359736979252
2024-10-04 11:30:00,1.2600420578739957
2024-10-04 11:40:00,1.1644530243628957
2024-10-04 11:50:00,1.060657130599137
2024-10-04 12:00:00,0.9496406079674051
2024-10-04 12:10:00,0.83247240440191
2024-10-04 12:20:00,0.7102858114810139
2024-10-04 12:30:00,0.5842577157215043
2024-10-04 12:40:00,0.45558625287447196
2024-10-04 12:50:00,0.32546788293620854
2024-10-04 13:00:00,0.19507482816332702
2024-10-04 13:10:00,0.06553394647216781
2024-10-04 13:20:00,-0.06209207164050103
2024-10-04 13:30:00,-0.18682033852248228
2024-10-04 13:40:00,-0.30775956554481737
2024-10-04 13:50:00,-0.42411763299635663
2024-10-04 14:00:00,-0.5352046685751186
2024-10-04 14:10:00,-0.6404317501695614
2024-10-04 14:20:00,-0.7393054716546571
2024-10-04 14:30:00,-0.83141896400326
2024-10-04 14:40:00,-0.9164400501499245
2024-10-04 14:50:00,-0.9940974661534567
2024-10-04 15:00:00,-1.064166120649744
2024-10-04 15:10:00,-1.126452415819068
2024-10-04 15:20:00,-1.1807806726339882
2024-10-04 15:30:00,-1.2269815544378486
2024-10-04 15:40:00,-1.264883313150652
2024-10-04 15:50:00,-1.294306433301238
2024-10-04 16:00:00,-1.3150620798750914
2024-10-04 16:10:00,-1.326954465589837
2024-10-04 16:20:00,-1.3297870353955332
2024-10-04 16:30:00,-1.323372097969305
2024-10-04 16:40:00,-1.3075433245178065
2024-10-04 16:50:00,-1.2821703458544194
2024-10-04 17:00:00,-1.2471745474205196
2024-10-04 17:10:00,-1.202545068702542
2024-10-04 17:20:00,-1.148354015494994
2024-10-04 17:30:00,-1.0847699021866664
2024-10-04 17:40:00,-1.0120684820350745
2024-10-04 17:50:00,-0.9306402318532595
2024-10-04 18:00:00,-0.8409939755131026
2024-10-04 18:10:00,-0.7437563648885586
2024-10-04 18:20:00,-0.6396671204157165
2024-10-04 18:30:00,-0.5295702544606246
2024-10-04 18:40:00,-0.4144016253913468
2024-10-04 18:50:00,-0.29517347266342975
2024-10-04 19:00:00,-0.1729566243363449
2024-10-04 19:10:00,-0.04886129249186583
2024-10-04 19:20:00,0.07598268482884205
2024-10-04 19:30:00,0.20044523448899723
2024-10-04 19:40:00,0.3234142102432846
2024-10-04 19:50:00,0.4438116506909192
2024-10-04 20:00:00,0.5606074959476716
2024-10-04 20:10:00,0.6728304421634141
2024-10-04 20:20:00,0.779575688374428
2024-10-04 20:30:00,0.8800096663477022
2024-10-04 20:40:00,0.9733719241140526
2024-10-04 20:50:00,1.0589746164909275
2024-10-04 21:00:00,1.1362001322685698
2024-10-04 21:10:00,1.2044974971001108
2024-10-04 21:20:00,1.2633782860215268
2024-10-04 21:30:00,1.312412703767973
2024-10-04 21:40:00,1.3512265120079991
2024-10-04 21:50:00,1.3794993119590873
2024-10-04 22:00:00,1.3969646051013898
2024-10-04 22:10:00,1.403411834312645
2024-10-04 22:20:00,1.398690451700118
2024-10-04 22:30:00,1.3827158390511818
2024-10-04 22:40:00,1.355476734597075
2024-10-04 22:50:00,1.3170436447519869
2024-10-04 23:00:00,1.2675776037093873
2024-10-04 23:10:00,1.2073385340077945
2024-10-04 23:20:00,1.1366924606900186
2024-10-04 23:30:00,1.0561168028870955
2024-10-04 23:40:00,0.9662030954359876
2024-10-04 23:50:00,0.8676565574521192
2024-10-05 00:00:00,0.7612921233441098
2024-10-05 00:10:00,0.6480267606907831
2024-10-05 00:20:00,0.528868052020258
2024-10-05 00:30:00,0.4048993394472782
2024-10-05 00:40:00,0.2772618301038082
2024-10-05 00:50:00,0.14713437679612043
2024-10-05 01:00:00,0.01571167664525367
2024-10-05 01:10:00,-0.11581812572249917
2024-10-05 01:20:00,-0.24629550445655984
2024-10-05 01:30:00,-0.37461028593116424
2024-10-05 01:40:00,-0.49972010471317413
2024-10-05 01:50:00,-0.6206658271534683
2024-10-05 02:00:00,-0.7365832306348838
2024-10-05 02:10:00,-0.846710562745379
2024-10-05 02:20:00,-0.9503917043725851
2024-10-05 02:30:00,-1.0470750319037576
2024-10-05 02:40:00,-1.1363081981459808
2024-10-05 02:50:00,-1.2177293818654698
2024-10-05 03:00:00,-1.2910556874689687
2024-10-05 03:10:00,-1.3560695414238293
2024-10-05 03:20:00,-1.4126040776651296
2024-10-05 03:30:00,-1.4605284798731526
2024-10-05 03:40:00,-1.4997343048128242
2024-10-05 03:50:00,-1.530123669923765
2024-10-05 04:00:00,-1.5516001127509913
2024-10-05 04:10:00,-1.5640627049410316
2024-10-05 04:20:00,-1.567403824995763
2024-10-05 04:30:00,-1.5615107324507116
2024-10-05 04:40:00,-1.5462708526874371
2024-10-05 04:50:00,-1.5215804385376406
2024-10-05 05:00:00,-1.4873560628630276
2024-10-05 05:10:00,-1.4435482023763542
2024-10-05 05:20:00,-1.3901560582570605
2024-10-05 05:30:00,-1.327242645162279
2024-10-05 05:40:00,-1.2549491971405895
2024-10-05 05:50:00,-1.1735079330925118
2024-10-05 06:00:00,-1.0832523417914008
2024-10-05 06:10:00,-0.9846243023930764
2024-10-05 06:20:00,-0.8781774867744911
2024-10-05 06:30:00,-0.7645767879268969
2024-10-05 06:40:00,-0.6445936485146451
2024-10-05 06:50:00,-0.519097504215518
2024-10-05 07:00:00,-0.389043657018216
2024-10-05 07:10:00,-0.25545820746791836
2024-10-05 07:20:00,-0.11942071544507331
2024-10-05 07:30:00,0.01795456399435716
2024-10-05 07:40:00,0.15553796516890836
2024-10-05 07:50:00,0.29220339585868016
2024-10-05 08:00:00,0.4268461278085198
2024-10-05 08:10:00,0.5583987509438679
2024-10-05 08:20:00,0.6858446501871766
2024-10-05 08:30:00,0.8082286874008506
2024-10-05 08:40:00,0.9246648295534567
2024-10-05 08:50:00,1.0343407906620816
2024-10-05 09:00:00,1.1365198726450103
2024-10-05 09:10:00,1.230540372891765
2024-10-05 09:20:00,1.3158131283234107
2024-10-05 09:30:00,1.3918177700976955
2024-10-05 09:40:00,1.4580984183536676
2024-10-05 09:50:00,1.5142594522986945
2024-10-05 10:00:00,1.5599620280794302
2024-10-05 10:10:00,1.5949218455309992
2024-10-05 10:20:00,1.6189085908793606
2024-10-05 10:30:00,1.6317472762261633
2024-10-05 10:40:00,1.6333215270224262
2024-10-05 10:50:00,1.623578685478945
2024-10-05 11:00:00,1.602536403419485
2024-10-05 11:10:00,1.5702902440344138
2024-10-05 11:20:00,1.5270216878132348
2024-10-05 11:30:00,1.4730058345523065
2024-10-05 11:40:00,1.4086180820527816
2024-10-05 11:50:00,1.3343390442733443
2024-10-05 12:00:00,1.2507570544624806
2024-10-05 12:10:00,1.1585677258218745
2024-10-05 12:20:00,1.0585701464199404
2024-10-05 12:30:00,0.9516595494822492
2024-10-05 12:40:00,0.8388164143785979
2024-10-05 12:50:00,0.7210922702225184
2024-10-05 13:00:00,0.5995925710286988
2024-10-05 13:10:00,0.47545731331311314
2024-10-05 13:20:00,0.34984011538874654
2024-10-05 13:30:00,0.22388665521274798
2024-10-05 13:40:00,0.09871342729394317
2024-10-05 13:50:00,-0.024612290639185477
2024-10-05 14:00:00,-0.1450903046408156
2024-10-05 14:10:00,-0.26180248605035283
2024-10-05 14:20:00,-0.3739241698456962
2024-10-05 14:30:00,-0.48073159511420516
2024-10-05 14:40:00,-0.5816051085548906
2024-10-05 14:50:00,-0.6760281956568274
2024-10-05 15:00:00,-0.7635825690406952
2024-10-05 15:10:00,-0.8439397715935204
2024-10-05 15:20:00,-0.9168499947754797
2024-10-05 15:30:00,-0.9821288820934997
2024-10-05 15:40:00,-1.039643278627514
2024-10-05 15:50:00,-1.089296852685263
2024-10-05 16:00:00,-1.1310165783141042
2024-10-05 16:10:00,-1.1647409332929821
2024-10-05 16:20:00,-1.190410597955573
2024-10-05 16:30:00,-1.2079622371871876
2024-10-05 16:40:00,-1.2173257548604455
2024-10-05 16:50:00,-1.2184251928497136
2024-10-05 17:00:00,-1.211183194478926
2024-10-05 17:10:00,-1.195528736372769
2024-10-05 17:20:00,-1.1714076174436991
2024-10-05 17:30:00,-1.138795013335151
2024-10-05 17:40:00,-1.0977092824348733
2024-10-05 17:50:00,-1.0482261118036427
2024-10-05 18:00:00,-0.9904920729054258
2024-10-05 18:10:00,-0.9247366989577569
2024-10-05 18:20:00,-0.8512822460352012
2024-10-05 18:30:00,-0.7705504878454227
2024-10-05 18:40:00,-0.6830660030497868
2024-10-05 18:50:00,-0.5894556915612483
2024-10-05 19:00:00,-0.4904443933268539
2024-10-05 19:10:00,-0.3868467924749367
2024-10-05 19:20:00,-0.27955591706815847
2024-10-05 19:30:00,-0.16952878124345172
2024-10-05 19:40:00,-0.05776987190049877
2024-10-05 19:50:00,0.05468677837157185
2024-10-05 20:00:00,0.1667960335512549
2024-10-05 20:10:00,0.27751982773538664
2024-10-05 20:20:00,0.3858442174821254
2024-10-05 20:30:00,0.49079467852629055
2024-10-05 20:40:00,0.5914490345366514
2024-10-05 20:50:00,0.6869476788468807
2024-10-05 21:00:00,0.7765008732700128
2024-10-05 21:10:00,0.8593931088989519
2024-10-05 21:20:00,0.9349847549232113
2024-10-05 21:30:00,1.0027113063642696
2024-10-05 21:40:00,1.0620807706709363
2024-10-05 21:50:00,1.1126697482451116
2024-10-05 22:00:00,1.154118892557211
2024-10-05 22:10:00,1.1861283736621253
2024-10-05 22:20:00,1.2084539810077575
2024-10-05 22:30:00,1.220904377214727
2024-10-05 22:40:00,1.2233399007232002
2024-10-05 22:50:00,1.2156731653531454
2024-10-05 23:00:00,1.1978715180376078
2024-10-05 23:10:00,1.169961242572726
2024-10-05 23:20:00,1.1320332259645587
2024-10-05 23:30:00,1.0842496351334274
2024-10-05 23:40:00,1.0268510499846089
2024-10-05 23:50:00,0.9601633857762671
2024-10-06 00:00:00,0.8846039124334273
2024-10-06 00:10:00,0.8006856997425412
2024-10-06 00:20:00,0.7090198294111498
2024-10-06 00:30:00,0.6103148890306334
2024-10-06 00:40:00,0.5053733226950177
2024-10-06 00:50:00,0.3950844817785613
2024-10-06 01:00:00,0.280414313117919
2024-10-06 01:10:00,0.16239193129491522
2024-10-06 01:20:00,0.042093420355307276
2024-10-06 01:30:00,-0.07937654904092938
2024-10-06 01:40:00,-0.20090454776056718
2024-10-06 01:50:00,-0.32138888649497294
2024-10-06 02:00:00,-0.4397598347066677
2024-10-06 02:10:00,-0.5549987301501558
2024-10-06 02:20:00,-0.6661550653982128
2024-10-06 02:30:00,-0.7723608619278478
2024-10-06 02:40:00,-0.8728416624440505
2024-10-06 02:50:00,-0.9669237603753003
2024-10-06 03:00:00,-1.0540374240774442
2024-10-06 03:10:00,-1.1337161028949059
2024-10-06 03:20:00,-1.2055918753283994
2024-10-06 03:30:00,-1.2693875274135684
2024-10-06 03:40:00,-1.324905920523287
2024-10-06 03:50:00,-1.3720173737276768
2024-10-06 04:00:00,-1.4106459593192135
2024-10-06 04:10:00,-1.4407555950992226
2024-10-06 04:20:00,-1.4623368617064987
2024-10-06 04:30:00,-1.4753953781176827
2024-10-06 04:40:00,-1.4799424672262524
2024-10-06 04:50:00,-1.475988693650563
2024-10-06 05:00:00,-1.4635406524583952
2024-10-06 05:10:00,-1.4426011832669716
2024-10-06 05:20:00,-1.4131729618165891
2024-10-06 05:30:00,-1.375265194686227
2024-10-06 05:40:00,-1.3289029602613278
2024-10-06 05:50:00,-1.2741385492268407
2024-10-06 06:00:00,-1.2110640398275783
2024-10-06 06:10:00,-1.1398242731845099
2024-10-06 06:20:00,-1.0606293272013005
2024-10-06 06:30:00,-0.9737656715257328
2024-10-06 06:40:00,-0.8796051918652775
2024-10-06 06:50:00,-0.7786114763016756
2024-10-06 07:00:00,-0.6713428297493538
2024-10-06 07:10:00,-0.5584517678227844
2024-10-06 07:20:00,-0.440680858803801
2024-10-06 07:30:00,-0.31885504629199773
2024-10-06 07:40:00,-0.19387079149680744
2024-10-06 07:50:00,-0.06668247799238451
2024-10-06 08:00:00,0.06171322139264449
2024-10-06 08:10:00,0.1902943437103721
2024-10-06 08:20:00,0.3180311405853416
2024-10-06 08:30:00,0.44390335970172456
2024-10-06 08:40:00,0.5669164838740225
2024-10-06 08:50:00,0.6861163193385347
2024-10-06 09:00:00,0.8006013773379976
2024-10-06 09:10:00,0.9095326554953006
2024-10-06 09:20:00,1.01214067042465
2024-10-06 09:30:00,1.1077296694443177
2024-10-06 09:40:00,1.1956792449163984
2024-10-06 09:50:00,1.2754436230842505
2024-10-06 10:00:00,1.346549138293457
2024-10-06 10:10:00,1.4085904034227512
2024-10-06 10:20:00,1.4612258234251845
2024-10-06 10:30:00,1.5041730546691618
2024-10-06 10:40:00,1.5372049880644687
2024-10-06 10:50:00,1.5601467783941774
2024-10-06 11:00:00,1.5728742852002557
2024-10-06 11:10:00,1.5753141851106935
2024-10-06 11:20:00,1.5674458226712449
2024-10-06 11:30:00,1.549304716456251
2024-10-06 11:40:00,1.520987464288613
2024-10-06 11:50:00,1.4826576457494332
2024-10-06 12:00:00,1.434552197574047
2024-10-06 12:10:00,1.3769876673188233
2024-10-06 12:20:00,1.3103656795146819
2024-10-06 12:30:00,1.235176997265429
2024-10-06 12:40:00,1.1520035565410536
2024-10-06 12:50:00,1.061518010706863
2024-10-06 13:00:00,0.964480379285505
2024-10-06 13:10:00,0.8617316393495343
2024-10-06 13:20:00,0.7541842007916291
2024-10-06 13:30:00,0.6428094448377859
2024-10-06 13:40:00,0.5286226974400792
2024-10-06 13:50:00,0.41266611145184673
2024-10-06 14:00:00,0.2959901763606019
2024-10-06 14:10:00,0.17963455977827936
2024-10-06 14:20:00,0.06460916715086741
2024-10-06 14:30:00,-0.048123806747946564
2024-10-06 14:40:00,-0.15766597772909405
2024-10-06 14:50:00,-0.2631963628132958
2024-10-06 15:00:00,-0.36398186246822556
2024-10-06 15:10:00,-0.45938420587476425
2024-10-06 15:20:00,-0.548863182065243
2024-10-06 15:30:00,-0.6319760913866335
2024-10-06 15:40:00,-0.7083736622456029
2024-10-06 15:50:00,-0.7777927761517422
2024-10-06 16:00:00,-0.84004660980993
2024-10-06 16:10:00,-0.8950128578147821
2024-10-06 16:20:00,-0.9426208680326805
2024-10-06 16:30:00,-0.9828385242558989
2024-10-06 16:40:00,-1.0156597177488969
2024-10-06 16:50:00,-1.0410932181185
2024-10-06 17:00:00,-1.0591536139255835
2024-10-06 17:10:00,-1.069854888632777
2024-10-06 17:20:00,-1.0732069906645094
2024-10-06 17:30:00,-1.0692155828379446
2024-10-06 17:40:00,-1.0578849344586905
2024-10-06 17:50:00,-1.039223726016525
2024-10-06 18:00:00,-1.0132533423525691
2024-10-06 18:10:00,-0.9800180802682548
2024-10-06 18:20:00,-0.9395965576565859
2024-10-06 18:30:00,-0.8921135565869287
2024-10-06 18:40:00,-0.837751471233574
2024-10-06 18:50:00,-0.7767605912394812
2024-10-06 19:00:00,-0.7094674727495374
2024-10-06 19:10:00,-0.6362808148318598
2024-10-06 19:20:00,-0.5576943560982228
2024-10-06 19:30:00,-0.4742865128837442
2024-10-06 19:40:00,-0.386716678798777
2024-10-06 19:50:00,-0.29571824939505864
2024-10-06 20:00:00,-0.20208869875777477
2024-10-06 20:10:00,-0.10667710980573074
2024-10-06 20:20:00,-0.010369790033011405
2024-10-06 20:30:00,0.08592539699502216
2024-10-06 20:40:00,0.18129520201756427
2024-10-06 20:50:00,0.2748369623159353
2024-10-06 21:00:00,0.3656736578611874
2024-10-06 21:10:00,0.4529674160264028
2024-10-06 21:20:00,0.5359310006983898
2024-10-06 21:30:00,0.6138368820759189
2024-10-06 21:40:00,0.686023740376249
2024-10-06 21:50:00,0.751900336502006
2024-10-06 22:00:00,0.8109469347703596
2024-10-06 22:10:00,0.8627145341470492
2024-10-06 22:20:00,0.906822357133946
2024-10-06 22:30:00,0.9429540942402131
2024-10-06 22:40:00,0.9708534646121854
2024-10-06 22:50:00,0.9903196852586795
2024-10-06 23:00:00,1.001203375538551
2024-10-06 23:10:00,1.003403385770478
2024-10-06 23:20:00,0.9968649083962644
2024-10-06 23:30:00,0.981579114173582
2024-10-06 23:40:00,0.957584398983843
2024-10-06 23:50:00,0.9249691720302929
2024-10-07 00:00:00,0.8838759615956602
